﻿file_name,text
001,naruto as a baby
002,naruto as a baby
003,naruto as a baby
004,naruto as a baby
005,naruto as a baby
006,naruto as a baby
007,naruto as a baby
008,naruto as a baby
009,naruto  
010,naruto  
011,naruto  
012,naruto  
013,naruto  
014,naruto  
015,naruto  
016,naruto  
017,naruto  
018,naruto  
019,naruto  
020,naruto  
021,naruto  
022,naruto  
023,naruto  
024,naruto  
025,naruto  
026,naruto  
027,naruto  
028,naruto  
029,naruto transformations
030,naruto transformations
031,naruto transformations
032,naruto transformations
033,naruto transformations
034,naruto transformations
035,naruto transformations
036,naruto transformations
037,naruto transformations
038,naruto transformations
039,naruto transformations
040,naruto transformations
041,naruto transformations
042,naruto transformations
043,naruto transformations
044,naruto transformations
045,naruto transformations
046,naruto and friends
047,naruto and friends
048,naruto and friends
049,naruto and friends
050,naruto and friends
051,naruto and friends
052,naruto and friends
053,naruto and friends
054,naruto and friends
055,naruto and friends
056,naruto and friends
057,naruto and friends
058,naruto and friends
059,naruto and friends
060,naruto and friends
061,naruto and friends
062,naruto and friends
063,naruto and friends
064,naruto and friends
065,naruto and friends
066,naruto when he is sad
067,naruto when he is sad
068,naruto when he is sad
069,naruto when he is sad
070,naruto when he is sad
071,naruto when he is sad
072,naruto when he is sad
073,naruto when he is sad
074,naruto when he is sad
075,naruto when he is sad
076,naruto when he is excited
077,naruto when he is excited
078,naruto when he is excited
079,naruto when he is excited
080,naruto when he is excited
081,naruto when he is excited
082,naruto when he is excited
083,naruto when he is excited
084,naruto when he is excited
085,naruto when he is excited
