﻿file_name,text
naruto_001.png,naruto as a baby
naruto_002.jpg,naruto as a baby
naruto_003.jpg,naruto as a baby
naruto_004.jpg,naruto as a baby
naruto_005.png,naruto as a baby
naruto_006.jpg,naruto as a baby
naruto_007.jpg,naruto as a baby
naruto_008.jpg,naruto as a baby
naruto_009.jpg,naruto  
naruto_010.jpg,naruto  
naruto_011.png,naruto  
naruto_012.jpg,naruto  
naruto_013.jpg,naruto  
naruto_014.jpg,naruto  
naruto_015.jpg,naruto  
naruto_016.jpg,naruto  
naruto_017.jpg,naruto  
naruto_018.jpg,naruto  
naruto_019.jpg,naruto  
naruto_020.png,naruto  
naruto_021.jpg,naruto  
naruto_022.jpg,naruto  
naruto_023.jpg,naruto  
naruto_024.jpg,naruto  
naruto_025.jpg,naruto  
naruto_026.jpg,naruto  
naruto_027.jpg,naruto  
naruto_028.jpg,naruto  
naruto_029.jpg,naruto transformations
naruto_030.jpg,naruto transformations
naruto_031.jpg,naruto transformations
naruto_032.jpg,naruto transformations
naruto_033.jpg,naruto transformations
naruto_034.jpg,naruto transformations
naruto_035.jpg,naruto transformations
naruto_036.jpg,naruto transformations
naruto_037.jpg,naruto transformations
naruto_038.jpg,naruto transformations
naruto_039.jpg,naruto transformations
naruto_040.jpg,naruto transformations
naruto_041.jpg,naruto transformations
naruto_042.jpg,naruto transformations
naruto_043.jpg,naruto transformations
naruto_044.png,naruto transformations
naruto_045.jpg,naruto transformations
naruto_046.jpg,naruto and friends
naruto_047.jpg,naruto and friends
naruto_048.jpg,naruto and friends
naruto_049.jpg,naruto and friends
naruto_050.jpg,naruto and friends
naruto_051.jpg,naruto and friends
naruto_052.jpg,naruto and friends
naruto_053.jpg,naruto and friends
naruto_054.jpg,naruto and friends
naruto_055.jpg,naruto and friends
naruto_056.jpg,naruto and friends
naruto_057.jpg,naruto and friends
naruto_058.jpg,naruto and friends
naruto_059.jpg,naruto and friends
naruto_060.jpg,naruto and friends
naruto_061.png,naruto and friends
naruto_062.png,naruto and friends
naruto_063.png,naruto and friends
naruto_064.png,naruto and friends
naruto_065.png,naruto and friends
naruto_066.jpg,naruto when he is sad
naruto_067.jpg,naruto when he is sad
naruto_068.jpg,naruto when he is sad
naruto_069.jpg,naruto when he is sad
naruto_070.jpg,naruto when he is sad
naruto_071.jpg,naruto when he is sad
naruto_072.jpg,naruto when he is sad
naruto_073.jpg,naruto when he is sad
naruto_074.jpg,naruto when he is sad
naruto_075.jpg,naruto when he is sad
naruto_076.jpg,naruto when he is excited
naruto_077.jpg,naruto when he is excited
naruto_078.jpg,naruto when he is excited
naruto_079.jpg,naruto when he is excited
naruto_080.jpg,naruto when he is excited
naruto_081.jpg,naruto when he is excited
naruto_082.jpg,naruto when he is excited
naruto_083.jpg,naruto when he is excited
naruto_084.png,naruto when he is excited
naruto_085.png,naruto when he is excited
